Capital,State,"Meal, Inexpensive Restaurant","Meal for 2 People, Mid-range Restaurant, Three-course",Mcmeal at Mcdonalds Or Equivalent Combo Meal,Domestic Beer 1 Pint Draught,Imported Beer 12 Oz Small Bottlein Restaurant,Cappuccino Regular,Coke/pepsi 12 Oz Small Bottle,Water 12 Oz Small Bottle,"Milk Regular, 1 Gallon",Loaf of Fresh White Bread 1 Lb,"Rice White, 1 Lb",Eggs Regular 12,Local Cheese 1 Lb,Chicken Fillets 1 Lb,Beef Round 1 Lb Or Equivalent Back Leg Red Meat,Apples 1 Lb,Banana 1 Lb,Oranges 1 Lb,Tomato 1 Lb,Potato 1 Lb,Onion 1 Lb,Lettuce 1 Head,Water 1.5 Liter Bottle,Bottle of Wine Mid-range,Domestic Beer 0.5 Liter Bottle,Imported Beer 12 Oz Small Bottle,Cigarettes 20 Pack Marlboro,Taxi Start Normal Tariff,Taxi 1 Mile Normal Tariff,Gasoline 1 Gallon,Volkswagen Golf 1.4 90 Kw Trendline Or Equivalent New Car,Toyota Corolla Sedan 1.6l 97kw Comfort Or Equivalent New Car,"Basic Electricity, Heating, Cooling, Water, Garbage for 915 Sq Ft Apartment",Mobile Phone Monthly Plan with Calls and 10gb+ Data,"Internet 60 Mbps Or More, Unlimited Data, Cable/adsl","Cinema, International Release, 1 Seat","Preschool Or Kindergarten, Full Day, Private, Monthly for 1 Child","International Primary School, Yearly for 1 Child",1 Pair of Jeans Levis 501 Or Similar,"1 Summer Dress in A Chain Store Zara, H&m, ...",1 Pair of Nike Running Shoes Mid-range,1 Pair of Men Leather Business Shoes,Apartment 1 Bedroom in City Centre,Apartment 1 Bedroom Outside of Centre,Apartment 3 Bedrooms in City Centre,Apartment 3 Bedrooms Outside of Centre,Price per Square Feet to Buy Apartment in City Centre,Price per Square Feet to Buy Apartment Outside of Centre,Average Monthly Net Salary After Tax,"Mortgage Interest Rate in Percentages %, Yearly, for 20 Years Fixed-rate",Index - Overall (/100),Index - Childcare (/100),Index - Clothing (/100),Index - Cost to Buy Apartment (/100),Index - Leisure (/100),Index - Markets (/100),Index - Monthly Rent (/100),Index - Monthly Utilities (/100),Index - Restaurants (/100),Index - Salaries and Financing (/100),Index - Transportation (/100),Rank - Overall,Rank - Childcare,Rank - Clothing,Rank - Cost to Buy Apartment,Rank - Leisure,Rank - Markets,Rank - Monthly Rent,Rank - Monthly Utilities,Rank - Restaurants,Rank - Salaries and Financing,Rank - Transportation
Frankfort,Kentucky,13.00,48.00,8.00,3.25,8.00,4.33,1.77,1.29,3.08,2.55,1.90,2.60,5.50,4.08,7.15,1.19,0.56,0.99,1.45,1.08,0.74,1.83,2.00,10.37,1.73,2.62,8.60,5.00,,3.34,"21,996","24,995",239.27,44.17,69.60,10.25,550.00,"5,000",36.48,15.00,84.50,67.50,650.00,650.00,"1,450.00","1,260.00",,,"4,136.11",6.58,73.49,98.77,83.07,64.77,69.44,73.64,95.37,50.64,78.14,49.02,57.35,1,1,3,23,6,2,2,27,2,21,15
Montgomery,Alabama,17.00,50.00,10.00,4.00,3.75,4.50,2.00,2.12,3.73,3.42,1.15,3.35,3.75,2.83,5.41,2.67,0.68,1.00,1.53,0.95,1.00,1.95,1.24,10.00,1.73,1.50,7.00,5.00,3.25,3.04,"29,500","25,018",187.71,43.00,60.00,7.50,891.89,"10,000",54.67,20.00,65.00,112.50,"1,200.00",750.00,"1,600.00",925.00,133.04,115.52,"3,782.13",6.55,73.23,85.62,72.37,91.98,100.00,76.15,90.16,63.93,66.35,46.30,49.21,2,2,8,2,1,1,3,11,9,26,32
Topeka,Kansas,13.50,54.00,10.00,5.00,6.00,3.50,2.08,1.56,3.12,3.07,0.98,4.16,4.00,5.05,5.66,2.50,0.94,2.18,1.90,1.69,1.13,1.99,1.00,10.50,1.55,1.69,8.30,2.75,2.50,3.05,"24,000","25,735",123.32,48.20,78.33,10.50,550.00,,22.50,19.99,61.67,70.00,"1,067.50",858.33,"2,000.00","1,787.50",99.00,123.00,"3,368.89",6.22,71.89,81.54,93.84,91.48,66.67,66.86,81.00,62.26,70.05,51.10,67.62,3,5,2,3,7,8,8,12,7,13,3
Charleston,West Virginia,13.00,40.00,8.00,4.00,6.00,2.50,1.30,1.51,3.09,2.53,1.52,2.69,4.60,4.51,7.35,1.93,0.68,1.41,1.98,1.15,1.27,1.72,1.51,12.00,1.73,2.00,8.79,3.75,2.00,3.27,"35,556","24,484",129.41,43.00,57.46,12.00,"1,566.11","17,408",41.27,48.75,99.29,105.00,900.00,,,,96.99,96.99,"2,458.33",6.53,69.53,62.02,56.52,100.00,50.00,68.83,71.55,77.63,85.86,33.23,58.05,4,23,25,1,12,6,16,2,1,45,14
Lansing,Michigan,15.00,70.00,10.00,4.00,6.00,4.72,2.19,1.68,3.32,2.62,1.09,2.20,3.00,6.00,6.00,1.79,0.53,2.25,2.25,1.13,1.27,2.59,2.25,12.50,2.00,2.50,9.50,2.50,2.25,3.48,"32,850","24,767",172.50,46.50,54.75,8.50,"1,294.79","16,800",50.75,32.50,82.00,97.50,"1,001.25",801.25,"1,650.00","1,283.33",128.51,128.51,"3,193.45",6.43,68.34,69.28,65.63,88.61,88.89,65.01,88.38,66.96,62.91,43.76,60.10,5,16,16,5,2,10,4,9,12,36,12
Little Rock,Arkansas,12.00,50.00,10.50,5.00,6.50,4.75,2.56,2.33,3.75,2.86,1.21,2.83,4.17,4.17,6.29,2.21,0.64,1.16,1.31,0.74,1.04,1.88,1.92,12.00,2.01,2.64,7.00,2.50,2.41,2.97,"30,000","25,258",213.49,52.75,73.93,12.00,"1,094.44","18,980",48.00,51.67,83.00,104.00,"1,200.50",847.50,"1,700.00","1,262.50",127.40,127.40,"3,862.85",6.68,66.84,72.16,57.15,88.95,50.00,71.58,85.61,43.69,59.03,42.96,67.33,6,14,24,4,12,5,5,37,13,38,5
Jackson,Mississippi,17.50,60.00,9.50,3.50,3.75,4.08,2.00,1.63,3.61,2.43,2.00,4.75,3.50,3.99,7.71,2.69,0.69,0.68,2.26,1.88,0.89,1.50,2.34,15.00,1.73,1.88,7.50,2.00,2.20,2.88,"33,000","27,344",226.54,52.00,60.00,12.00,600.00,"27,240",40.00,15.00,75.00,80.00,866.67,"1,200.00","2,150.00","2,250.00",133.97,133.97,"3,016.59",6.53,66.43,76.55,82.29,86.99,50.00,61.50,73.73,50.81,71.27,39.00,72.46,7,8,4,6,12,16,13,26,4,43,2
Des Moines,Iowa,16.00,70.00,9.75,4.75,5.00,4.87,2.13,2.02,3.92,2.60,1.50,3.10,5.43,4.94,6.22,2.12,0.71,1.59,1.74,0.75,1.36,2.20,1.10,13.50,1.73,3.96,7.14,2.00,2.00,3.12,"26,000","24,438",150.60,48.75,54.54,15.00,"1,369.17","11,812",51.88,42.50,88.11,137.14,"1,215.00",912.50,"1,750.00","1,480.00",201.80,201.80,"3,980.77",6.61,66.35,72.15,52.01,71.72,16.67,65.46,82.58,69.25,58.92,46.47,80.53,8,15,32,17,36,9,7,8,14,25,1
Cheyenne,Wyoming,18.00,65.00,7.75,4.00,3.75,5.39,1.25,1.00,3.50,3.40,1.01,2.99,4.50,2.50,6.28,1.59,0.70,2.25,2.00,1.50,0.75,2.29,1.65,15.00,1.73,2.50,8.60,2.50,2.25,3.28,"38,813","24,140",187.20,43.67,64.00,10.00,"1,433.33","30,700",45.00,45.00,88.00,97.50,"1,075.00",933.33,"2,500.00","2,200.00",178.00,178.00,"3,940.40",6.53,65.91,52.75,60.86,76.30,72.22,66.91,73.78,60.47,76.40,48.54,58.11,9,36,20,12,4,7,12,14,3,22,13
Springfield,Illinois,16.00,50.00,10.00,4.00,4.75,3.50,2.45,1.50,3.07,2.85,2.43,2.63,4.19,4.84,5.79,1.75,0.52,2.50,1.71,0.89,1.35,1.73,1.29,14.00,1.27,1.59,8.00,2.00,2.75,3.58,"35,000","24,944",197.00,59.62,77.22,12.00,"1,855.00","27,350",49.40,44.67,65.80,92.00,925.00,"1,200.00","2,050.00","2,657.50",376.98,103.96,"3,293.25",5.47,65.40,45.52,67.48,83.95,50.00,72.28,70.63,40.24,70.49,64.39,56.17,10,40,12,8,12,4,17,41,5,4,18
Bismarck,North Dakota,14.00,50.00,11.00,5.45,7.45,4.92,2.33,1.77,4.08,2.42,1.00,2.70,3.50,6.00,6.75,2.00,1.12,1.50,2.18,0.80,1.50,1.99,2.50,15.00,1.87,2.00,8.25,,,3.21,"37,681","19,000",177.28,70.33,64.29,12.00,800.00,,52.33,46.33,67.50,80.00,"1,000.00",600.00,"1,250.00",900.00,184.97,184.97,"3,738.50",6.66,64.60,75.37,67.30,74.89,50.00,61.09,96.52,45.13,57.99,42.34,62.48,11,10,14,15,12,18,1,35,16,40,9
Lincoln,Nebraska,14.50,55.00,9.75,5.00,6.00,4.80,2.08,1.56,3.12,3.16,1.83,3.10,5.50,4.94,6.22,2.10,0.71,2.18,2.73,1.26,1.70,2.20,1.90,13.50,1.55,2.83,7.14,2.50,3.65,3.17,"36,337","25,735",123.32,48.20,54.54,15.00,550.00,"28,840",44.17,26.67,86.00,80.00,"1,040.00",850.00,"2,450.00","2,263.75",146.49,172.98,"3,848.78",6.62,64.49,76.28,72.58,78.63,16.67,59.52,75.12,76.68,65.26,44.78,48.70,12,9,7,11,36,21,11,3,11,34,34
Baton Rouge,Louisiana,12.50,82.80,9.00,4.50,6.50,5.06,2.07,1.34,4.89,2.46,1.06,2.90,6.10,5.12,7.07,2.44,0.80,2.37,1.76,1.29,1.39,2.04,1.82,15.00,1.87,2.83,8.00,3.50,2.00,2.97,"36,885","24,998",150.97,46.50,70.24,12.00,"1,563.89","10,000",35.99,36.67,72.00,78.33,"1,232.50","1,200.00","2,080.00","1,862.50",159.98,159.98,"3,431.58",6.67,63.40,69.06,76.10,80.25,50.00,58.01,73.47,60.33,65.56,38.83,62.19,13,17,6,10,12,24,14,15,10,44,10
Columbia,South Carolina,15.00,65.00,9.00,4.00,5.25,3.70,2.30,1.46,3.51,2.66,1.58,3.11,4.33,5.42,7.99,2.33,0.80,1.97,2.05,1.20,1.94,2.00,1.85,10.00,1.78,2.93,7.25,2.00,2.50,3.09,"34,245","24,976",215.33,56.32,47.50,12.92,"1,450.00","22,500",59.25,40.00,89.75,113.75,"1,350.00",933.33,"2,375.00","1,383.33",488.65,150.97,"4,016.45",6.66,62.78,60.08,54.31,66.15,39.78,59.30,78.02,61.80,70.30,45.21,65.69,14,27,27,19,24,22,9,13,6,30,6
Concord,New Hampshire,19.00,72.50,10.80,5.00,6.00,5.43,2.88,1.93,3.79,2.76,1.63,3.75,4.00,3.50,6.75,1.33,0.53,2.00,2.12,0.80,1.10,2.00,1.29,10.00,1.83,1.75,7.89,5.00,2.24,3.40,"30,000","27,642",183.68,48.47,61.61,11.00,"1,400.00","40,000",53.33,25.00,87.25,107.50,"1,533.33","1,466.67","2,300.00","2,583.33",277.96,277.96,"6,740.00",6.22,61.99,44.80,64.50,60.16,61.11,72.37,59.90,57.79,46.18,85.92,50.50,15,42,18,30,8,3,32,17,33,1,28
Tallahassee,Florida,15.00,60.00,10.00,5.00,6.62,5.06,2.51,2.06,4.53,3.27,1.24,2.62,5.98,5.01,6.94,2.07,0.70,1.71,2.34,1.03,1.49,1.68,1.94,12.50,1.83,3.17,8.00,4.00,4.00,3.42,"32,000","25,532",172.00,37.26,59.66,14.50,950.00,"10,960",56.50,35.00,98.50,110.00,"1,233.33","1,166.67","3,000.00","1,800.00",193.98,176.99,"3,995.91",6.48,61.69,83.29,55.93,75.69,22.22,61.09,69.01,74.84,54.88,50.61,40.28,16,3,26,13,34,17,20,5,21,15,43
Jefferson City,Missouri,15.00,40.00,9.75,5.00,6.00,4.87,2.00,1.50,2.50,2.00,2.00,3.10,2.00,4.94,6.22,2.12,0.71,2.32,2.00,1.26,1.70,2.20,2.00,10.00,1.94,3.96,7.14,2.50,3.55,2.79,"36,337","28,221",223.13,48.75,54.54,15.00,"1,764.17","28,840",51.88,42.50,88.11,137.14,,,"2,100.00","1,900.00",140.00,140.00,"1,900.00",6.62,60.16,46.35,52.01,85.30,16.67,64.25,69.20,58.35,68.09,24.65,54.22,17,39,32,7,36,12,19,16,8,48,21
Richmond,Virginia,20.00,80.00,9.00,6.00,8.00,4.42,2.25,2.11,3.38,2.72,1.45,3.30,4.13,6.00,6.57,2.45,0.52,1.84,1.99,1.35,0.89,1.80,2.14,13.50,2.28,4.00,7.40,2.50,2.50,3.40,"28,351","26,063",156.36,52.44,72.10,15.00,"1,329.17","30,776",40.32,35.09,77.49,96.67,"1,569.56","1,417.22","2,463.49","2,190.48",320.25,206.26,"4,466.02",6.64,58.04,55.25,69.92,65.43,16.67,62.00,62.28,53.38,47.21,50.51,60.28,18,33,10,21,36,15,29,24,31,17,11
Saint Paul,Minnesota,15.50,66.50,10.00,6.00,6.50,5.06,2.28,2.12,3.70,3.33,1.77,3.32,5.02,5.62,6.63,2.28,0.54,2.34,2.36,1.36,1.50,1.90,1.90,12.50,1.73,3.30,10.00,4.70,2.25,3.33,"32,946","26,327",174.06,47.50,66.22,14.00,"1,450.00","24,407",41.25,45.00,83.43,101.80,"1,427.00","1,118.75","2,575.00","2,050.00",270.67,221.00,"3,915.56",6.48,57.46,58.28,62.72,66.04,27.78,57.28,68.35,57.23,51.71,49.78,50.48,19,29,19,20,31,25,22,19,23,20,29
Indianapolis,Indiana,25.00,75.00,10.00,6.00,8.50,4.65,2.45,2.02,3.07,2.85,2.43,2.63,4.19,4.84,5.79,1.75,0.60,2.50,1.71,1.20,1.35,1.73,2.18,14.00,1.73,2.35,8.00,2.00,2.75,3.58,"35,000","24,944",240.00,59.62,77.22,12.00,"1,855.00","27,350",49.40,44.67,65.80,92.00,"1,567.50","1,116.88","2,575.00","1,866.67",237.74,188.99,"4,763.55",6.73,57.05,45.52,67.48,71.76,50.00,64.45,68.38,35.46,42.20,50.55,56.17,20,40,12,16,12,11,21,42,37,16,18
Harrisburg,Pennsylvania,15.00,55.00,9.14,5.25,7.50,5.50,2.50,1.49,4.36,3.16,2.13,3.40,6.75,5.95,7.75,2.84,0.79,2.67,3.00,2.20,2.16,2.25,2.76,14.99,1.73,3.95,12.50,10.00,3.00,3.43,"35,464","26,407",120.00,43.00,57.17,11.00,"1,200.00","43,200",30.00,15.10,60.66,65.00,"1,550.00","1,148.67","2,000.00","2,000.00",164.99,145.00,"5,511.11",6.51,56.80,46.71,94.22,82.99,61.11,35.82,70.46,80.68,57.82,65.37,33.86,21,38,1,9,8,45,18,1,17,3,46
Augusta,Maine,20.00,75.00,7.50,5.00,6.00,5.00,2.33,1.90,4.25,3.20,0.81,3.75,8.19,5.50,8.50,1.96,0.59,1.42,2.99,0.99,1.49,2.86,1.50,15.00,2.18,2.00,9.00,2.70,2.00,3.50,"32,000","24,658",192.29,56.36,68.07,11.00,"2,528.57","36,000",60.62,44.25,85.00,150.00,"1,050.00",950.00,"1,590.00","1,466.67",196.02,177.52,"1,972.00",6.45,56.32,20.75,46.62,75.51,61.11,56.62,84.73,46.90,55.06,30.57,63.52,22,47,36,14,8,26,6,31,20,47,7
Boise,Idaho,19.50,65.00,10.00,6.00,7.00,5.73,3.03,2.20,3.29,2.82,1.79,2.86,5.31,4.00,5.83,2.26,0.61,1.70,2.20,1.07,1.12,1.90,2.42,15.49,1.81,2.87,7.35,2.60,2.41,3.85,"34,500","25,953",145.90,53.78,74.02,12.00,"1,272.22","23,265",58.31,39.75,97.67,115.86,"1,601.00","1,410.00","2,500.00","2,050.83",552.50,309.76,"4,586.25",6.74,55.54,63.74,52.41,44.52,50.00,63.84,62.92,53.81,39.78,48.37,51.03,23,22,31,39,12,13,27,22,39,23,27
Madison,Wisconsin,15.00,75.00,10.00,6.00,6.75,5.33,2.44,2.14,3.50,3.92,2.54,2.79,5.78,6.19,6.56,2.13,0.55,1.41,1.97,1.06,1.07,1.86,1.47,11.50,1.96,3.67,9.95,4.50,3.50,3.50,"26,500","23,999",187.95,50.33,68.85,14.00,"1,712.15","24,601",58.00,43.75,100.67,121.50,"1,548.89","1,328.46","2,772.22","2,093.75",280.33,223.99,"4,105.56",6.53,55.19,51.63,49.13,65.23,27.78,60.96,62.67,51.22,48.15,50.25,46.46,24,37,35,22,31,19,28,25,29,18,36
Hartford,Connecticut,18.00,82.50,10.50,4.00,6.50,4.48,2.16,1.72,4.71,3.67,1.92,2.79,8.88,5.18,6.58,3.84,0.81,2.59,2.37,1.48,1.62,2.42,2.18,12.00,1.73,2.50,14.00,3.38,3.30,3.46,"34,409","26,404",117.67,41.88,66.67,13.00,500.00,"33,333",63.00,37.80,54.67,146.67,"1,900.00","1,200.00","3,350.00","2,050.00",257.49,194.49,"3,348.89",6.42,55.17,73.27,60.16,70.03,38.89,44.84,57.95,76.20,57.08,45.64,42.20,25,11,22,18,25,39,36,4,18,28,39
Salem,Oregon,15.00,71.50,12.00,6.00,7.50,5.12,2.55,2.13,3.65,2.88,1.66,3.69,5.52,5.00,6.44,1.77,0.69,1.66,1.89,1.09,0.86,2.27,1.77,12.00,1.73,3.43,10.00,2.60,2.70,4.11,"33,681","24,648",200.00,57.50,62.50,13.50,"1,965.10","31,420",45.22,31.00,75.00,96.67,"1,750.00","1,316.67","3,000.00","1,866.67",278.99,278.99,"3,829.56",6.60,55.01,38.96,70.59,60.03,33.33,62.62,61.24,48.58,45.05,45.22,48.26,26,44,9,31,29,14,30,30,34,29,35
Santa Fe,New Mexico,17.50,88.00,10.00,6.00,7.50,4.62,2.53,1.64,4.25,2.70,1.00,3.46,6.10,4.41,7.49,2.12,0.70,2.44,1.74,1.00,1.24,2.19,1.95,12.00,1.77,3.00,9.50,3.00,2.95,3.16,"45,000","26,089",206.19,43.00,74.08,13.00,"1,350.00","6,000",48.33,25.00,84.25,100.00,"1,816.67","1,620.00","3,383.33","2,466.67",644.49,358.99,"4,154.87",6.44,54.67,78.11,68.53,37.00,38.89,60.41,49.43,53.40,48.25,53.40,41.46,27,7,11,40,25,20,39,23,28,11,41
Columbus,Ohio,19.00,70.00,11.50,5.00,7.00,4.81,2.40,2.21,3.44,2.56,1.44,2.41,7.13,6.19,7.59,2.16,0.74,2.08,2.26,1.81,1.75,2.01,2.05,18.00,1.90,3.36,10.00,3.00,2.02,3.39,"29,946","25,822",213.22,53.00,68.30,12.00,"1,233.33","15,333",61.43,45.91,86.88,117.50,"1,515.42","1,154.07","3,061.67","2,036.82",292.99,294.24,"3,884.73",6.52,54.25,72.18,51.14,58.16,50.00,50.74,64.22,46.28,47.32,48.27,62.98,28,13,34,35,12,31,26,34,30,24,8
Salt Lake City,Utah,15.00,80.00,10.50,6.00,7.50,4.89,2.56,1.89,3.51,3.20,1.72,3.75,7.95,4.21,7.33,1.94,1.00,1.62,1.60,1.12,1.24,2.03,2.37,21.00,1.81,3.40,8.89,2.67,2.30,3.90,"34,000","29,639",170.86,67.62,73.68,12.00,"1,073.33","8,400",63.00,50.00,96.25,122.00,"1,692.25","1,381.67","2,854.38","2,234.38",277.18,231.75,"4,523.07",6.53,54.14,82.66,45.68,64.53,50.00,53.43,58.93,42.18,48.30,54.56,48.98,29,4,41,27,12,29,34,40,27,9,33
Phoenix,Arizona,20.00,80.00,12.00,5.25,6.12,5.19,2.70,2.04,3.44,3.55,2.09,3.81,4.68,4.52,6.11,2.11,0.66,1.81,2.02,1.49,1.29,1.87,2.36,15.00,2.10,4.15,9.25,2.75,2.20,3.95,"32,000","26,661",248.77,70.79,76.35,12.00,"1,142.86","10,400",50.67,40.00,88.25,115.44,"1,625.63","1,385.90","2,736.32","2,330.52",295.58,274.84,"4,420.56",6.60,53.18,79.06,57.47,59.57,50.00,54.76,59.50,30.44,42.91,51.33,53.67,30,6,23,33,12,28,33,44,36,12,22
Olympia,Washington,17.00,70.00,10.00,6.50,5.00,5.03,2.51,1.86,4.05,3.68,1.42,3.41,6.76,4.40,7.32,2.40,0.68,1.93,2.24,1.38,1.15,2.46,2.77,15.00,1.93,3.92,11.00,3.80,3.20,4.31,"31,000","26,730",156.38,50.78,66.27,10.00,"1,450.00","16,563",55.00,42.50,90.00,116.12,"1,774.00","1,643.75","3,421.25","2,389.00",290.00,252.00,"4,458.02",6.63,52.41,65.68,54.28,61.87,72.22,50.39,49.89,57.65,51.32,50.75,37.30,31,19,28,28,4,32,38,18,24,14,45
Dover,Delaware,17.00,70.00,9.00,7.75,7.50,4.95,2.25,2.18,2.91,1.00,2.75,3.40,12.05,2.69,10.12,2.84,0.81,2.67,2.86,2.20,1.43,2.59,2.76,16.00,1.73,3.95,13.00,2.85,2.50,3.43,"35,464","25,000",136.59,44.49,57.17,9.50,"1,983.33","43,200",35.00,39.50,65.00,80.00,,,,,,,,6.51,52.39,27.40,77.55,64.77,77.78,39.79,65.10,74.27,45.04,49.93,52.34,32,45,5,23,3,41,24,6,35,19,24
Oklahoma City,Oklahoma,15.00,75.00,10.00,6.00,8.50,6.42,2.47,2.25,4.34,2.69,1.75,4.03,4.48,4.54,5.33,2.16,0.71,2.38,2.42,2.21,1.40,2.19,2.41,11.50,1.78,1.86,9.72,2.75,2.01,3.10,"30,000","27,128",335.83,61.50,81.50,15.00,"1,587.50","21,800",61.80,43.00,120.83,157.50,"1,228.25","1,077.75","2,667.33","1,412.00",417.50,222.50,"3,451.85",6.61,51.79,57.35,37.41,58.79,16.67,55.50,75.24,26.35,39.41,41.00,67.57,33,31,45,34,36,27,10,46,40,42,4
Carson City,Nevada,15.00,85.00,10.00,7.00,9.00,5.00,2.00,1.50,4.75,3.00,2.33,4.58,4.50,8.33,8.00,2.83,0.78,2.00,2.47,1.75,1.50,1.90,2.50,15.00,2.11,2.50,10.00,,,4.13,"38,377","26,449",188.86,48.67,62.50,12.00,,,60.00,,120.00,,"1,683.33","1,050.00","1,825.00","1,900.00",427.00,299.00,"4,900.00",6.50,51.62,60.66,46.26,51.34,50.00,42.75,72.33,56.25,49.44,59.36,41.59,34,26,39,38,12,40,15,20,25,6,40
Annapolis,Maryland,30.00,58.50,9.00,7.00,8.25,4.83,2.17,1.62,3.73,3.06,1.60,3.65,4.75,4.65,6.83,2.76,0.69,3.16,3.00,1.45,1.31,2.33,1.25,14.99,2.15,5.00,10.00,3.25,2.50,3.38,"32,500","22,093",203.67,43.67,71.00,13.50,"1,666.67","19,500",46.67,20.00,91.00,121.67,"2,833.33","1,900.00","3,833.33","2,800.00",,,"5,796.00",6.27,51.45,57.56,65.40,64.77,33.33,48.84,30.17,54.36,46.99,74.93,57.18,35,30,17,23,29,33,46,21,32,2,16
Albany,New York,18.00,72.50,10.50,5.00,6.00,4.99,2.16,1.72,3.79,3.90,2.40,4.66,6.94,5.57,6.75,2.16,0.63,2.35,2.12,1.39,1.76,3.24,1.91,10.75,1.73,2.81,14.00,3.38,2.24,3.67,"30,000","27,642",183.68,41.88,61.61,15.00,"1,400.00","22,500",44.67,46.37,81.25,109.00,"1,407.50","1,391.25","3,766.67","3,283.33",666.07,494.87,"4,058.21",6.68,50.52,61.31,60.17,29.94,16.67,47.42,48.26,64.74,55.27,44.97,52.63,36,24,21,44,36,35,40,10,19,31,23
Austin,Texas,16.99,80.00,10.00,6.00,8.00,5.38,2.71,2.16,3.93,3.23,1.35,3.36,5.81,4.99,6.63,2.39,0.68,1.93,1.60,1.29,1.26,1.91,2.05,14.00,2.15,3.05,8.29,3.25,2.75,3.07,"31,000","26,003",165.21,61.90,64.89,14.00,"1,458.50","21,625",60.89,55.00,90.36,129.00,"2,297.74","1,519.45","4,778.44","2,672.00",654.42,357.23,"5,162.34",7.02,49.11,60.69,44.50,36.62,27.78,59.22,36.33,50.12,41.32,43.60,55.49,37,25,42,42,31,23,43,29,38,37,20
Nashville,Tennessee,18.00,75.00,10.00,7.00,8.50,5.10,2.51,2.36,4.15,3.65,2.37,3.26,6.12,7.11,7.65,2.56,0.87,2.31,2.42,1.33,1.48,2.43,2.27,15.00,1.86,4.39,7.75,5.00,2.50,3.26,"30,000","26,398",167.18,66.38,73.00,15.00,"1,341.25","20,500",56.68,50.33,93.93,132.22,"2,065.00","1,582.19","3,615.62","2,586.76",334.28,300.00,"4,638.15",6.55,46.74,64.64,46.45,55.74,16.67,45.09,45.22,43.59,38.77,55.14,50.01,38,20,37,37,36,37,41,38,41,8,31
Providence,Rhode Island,30.00,105.00,12.00,6.00,7.50,4.75,2.60,2.12,5.46,3.29,1.40,5.17,4.87,4.37,8.80,3.10,0.80,2.63,2.66,1.72,1.73,3.19,2.25,13.35,2.12,3.62,11.00,4.00,3.50,3.52,"35,000","26,372",171.22,67.93,59.17,14.75,"1,500.00","58,000",52.50,40.00,73.75,83.33,"1,920.00","1,420.00","2,564.00","1,880.00",290.35,270.35,"3,819.22",6.67,44.23,25.35,67.06,60.20,19.44,39.69,60.54,50.53,31.88,42.84,37.67,39,46,15,29,35,42,31,28,46,39,44
Juneau,Alaska,18.50,76.00,8.00,6.50,7.00,3.50,2.20,1.48,5.16,5.06,3.00,5.50,,,,3.14,1.29,2.10,3.14,1.18,1.56,2.60,3.00,14.00,1.73,4.00,,,,4.04,,"35,000",212.00,84.25,135.00,13.00,888.00,,70.00,65.00,120.00,200.00,"1,550.00","1,250.00","3,000.00","2,625.00",296.51,271.51,"4,159.50",6.69,43.94,73.21,17.65,59.81,38.89,36.33,58.38,18.94,58.26,45.68,41.37,40,12,49,32,25,44,35,48,15,27,42
Montpelier,Vermont,20.00,80.00,6.00,8.00,6.50,5.00,2.00,2.00,4.00,3.97,2.54,4.64,8.70,6.08,9.35,2.45,1.00,3.03,2.99,1.88,1.62,2.86,2.46,15.00,2.18,5.12,9.00,2.70,2.80,3.60,"32,000","24,658",192.29,56.36,68.07,16.00,"2,528.57","36,000",60.62,44.25,96.11,163.38,"1,300.00",,,,,,,6.67,43.94,20.75,41.28,64.77,5.56,31.71,67.58,46.90,48.90,44.88,51.98,41,47,43,23,47,47,23,31,26,32,25
Raleigh,North Carolina,20.00,90.00,11.00,6.25,7.75,5.49,2.92,2.38,3.56,3.91,2.11,3.92,6.38,5.45,8.46,2.67,0.69,2.67,2.40,1.32,1.31,2.04,2.46,15.00,2.02,3.03,7.50,2.50,2.75,3.38,"30,000","25,980",246.13,64.75,81.85,15.00,"1,533.33","22,111",65.10,52.00,105.65,147.69,"1,962.72","1,638.95","3,604.95","2,925.31",694.55,320.61,"4,748.28",6.57,43.89,58.39,37.25,36.93,16.67,48.79,42.91,30.85,32.12,55.66,56.64,42,28,46,41,36,34,42,43,45,7,17
Denver,Colorado,20.00,80.00,11.50,6.00,8.00,5.61,2.71,2.23,4.00,3.56,2.23,4.27,6.29,5.82,7.64,2.38,0.80,2.47,2.69,1.32,1.19,1.96,2.22,16.00,2.18,4.02,10.00,3.50,2.80,3.33,"36,029","28,217",184.95,64.46,66.43,15.00,"1,394.10","16,168",53.48,47.78,88.77,110.92,"2,144.12","1,730.90","4,019.95","3,145.48",613.04,486.99,"4,486.39",6.81,43.22,67.43,53.91,32.78,16.67,44.92,35.69,44.84,35.50,44.84,43.69,43,18,29,43,36,38,44,36,43,33,38
Trenton,New Jersey,20.00,80.00,15.00,7.00,8.00,5.00,2.60,2.00,3.91,2.66,1.92,3.72,9.33,6.00,7.00,2.49,0.82,2.50,2.37,0.49,1.16,1.07,2.66,17.50,1.73,4.33,9.50,3.38,3.30,3.46,"32,956","25,854",117.67,45.33,68.33,15.12,"1,300.00","22,500",60.00,45.00,161.67,156.67,"2,700.00","2,175.00","4,650.00","3,650.00",656.99,557.50,"3,281.50",6.85,42.23,63.77,31.37,28.37,15.33,51.87,16.30,71.32,32.95,30.91,44.01,44,21,47,45,46,30,47,7,44,46,37
Atlanta,Georgia,23.00,97.35,12.00,6.00,8.00,5.36,2.65,2.36,4.40,3.42,2.71,3.97,7.21,6.73,8.15,3.05,0.86,3.02,2.52,2.00,1.68,2.35,2.58,15.00,3.39,5.08,8.65,3.50,2.40,3.42,"35,000","25,487",231.38,53.89,68.89,16.50,"1,361.11","27,814",58.18,53.23,95.61,122.67,"1,940.42","1,498.74","3,363.12","2,449.50",353.94,269.00,"5,495.27",6.83,41.81,57.25,46.07,57.25,0.00,32.46,50.18,43.42,30.49,54.53,50.15,45,32,40,36,49,46,37,39,47,10,30
Helena,Montana,18.00,90.00,11.12,5.00,7.00,4.83,1.96,1.46,3.63,4.00,1.25,3.90,20.00,4.40,9.00,2.25,,,3.75,1.00,1.00,,3.00,13.00,,3.80,10.03,,5.50,3.49,"38,000","45,000",480.83,112.00,103.75,11.00,"1,745.00","35,000",91.67,75.00,103.33,125.00,"1,620.00","1,466.67","2,200.00","1,950.00","1,112.66",795.99,"5,250.00",7.02,39.52,41.01,23.31,1.04,61.11,46.76,64.46,4.15,53.66,44.50,26.20,46,43,48,49,8,36,25,49,22,35,49
Sacramento,California,20.00,80.00,10.00,7.00,8.00,5.50,2.67,1.99,5.03,4.17,2.32,4.23,7.63,6.25,9.09,2.56,1.05,2.28,3.11,1.46,2.22,2.60,2.22,16.00,1.93,1.94,10.15,4.00,3.00,4.94,"35,000","26,159",380.23,64.31,76.69,13.00,"1,521.00","27,000",51.00,48.00,94.24,114.17,"3,131.00","2,317.00","5,361.54","4,175.00",952.33,741.24,"4,210.75",7.24,30.65,54.08,52.73,9.77,38.89,37.03,1.82,24.84,37.57,23.87,32.56,47,35,30,47,25,43,49,47,42,49,47
Honolulu,Hawaii,20.00,85.00,14.00,8.00,12.00,6.34,2.96,2.43,7.64,6.16,2.91,6.22,9.03,6.75,8.53,2.75,1.80,2.96,3.57,2.08,2.01,3.95,2.73,15.00,1.96,3.96,12.00,3.50,4.20,4.84,"35,266","24,835",316.46,62.90,72.50,15.00,"1,375.00","30,000",50.00,57.50,98.75,123.33,"2,160.00","1,785.29","3,906.67","3,450.00",756.66,753.99,"3,748.00",6.68,27.13,54.85,46.37,18.96,16.67,17.90,33.10,30.34,13.20,41.77,30.45,48,34,38,46,36,49,45,45,49,41,48
Boston,Massachusetts,24.00,110.00,12.00,8.00,9.40,5.69,3.22,2.58,4.96,3.97,2.54,4.64,8.70,6.08,9.35,2.45,1.02,3.03,2.99,1.88,1.62,2.86,2.46,15.00,2.18,5.12,13.83,2.70,2.80,3.60,"32,000","24,658",192.29,56.36,68.07,16.00,"2,528.57","36,000",60.62,44.25,96.11,163.38,"3,167.07","2,359.44","5,507.68","3,551.67","1,134.22",681.85,"5,558.03",6.67,27.12,20.75,41.28,2.22,5.56,27.05,4.76,46.90,13.65,60.80,51.98,49,47,43,48,47,48,48,31,48,5,25